{"count":1,"gauges":{"RobotBrain.CumulativeReward":{"count":3,"max":0,"min":0,"value":0,"weightedAverage":0}},"self":62.338342399999995,"total":62.389559399999996,"children":{"AgentSendState":{"count":3114,"self":0.0206768,"total":0.023617899999999997,"children":{"CollectObservations":{"count":312,"self":0.0029411,"total":0.0029411,"children":null},"CollectDiscreteActionMasks":{"count":312,"self":0,"total":0,"children":null}}},"DecideAction":{"count":3114,"self":0.0117445,"total":0.0117445,"children":null},"AgentAct":{"count":3114,"self":0.014856999999999999,"total":0.014856999999999999,"children":null}}}